accessibility,accreditation,address,capacity,case_types,city,email,fees,founding_date,hours,id,languages,name,notes,phone,postal_code,referral_contacts,region,regions_served,reviews,source,specialty,staff,type,wait_time,website
wheelchair_accessible,Belgian federal government,Boulevard Clovis 114,2500,civic_education | integration_planning | language_assessment,Bruxelles,info@ante.be,free,2003,09:00-17:00 Mon-Fri,ante_001,nl | fr | en,ANTE - Federal Centre for Integration and Active Citizenship,National integration coordination,+32 (0)2 514 50 00,1000,info@ante.be,Bruxelles,Bruxelles | Flandre | Wallonie,,official,integration_policy | language_training | civic_education,140,government_agency,,https://www.ante.be
wheelchair_accessible,International Amnesty International,Rue de Trèves 61,1000,advocacy | policy_input | awareness,Bruxelles,contact@amnesty.be,free,1961,09:00-17:00 Mon-Fri,amnesty_001,fr | nl | en,Amnesty International Belgium,International human rights organization,+32 (0)2 732 62 62,1040,contact@amnesty.be,Bruxelles,Bruxelles | Flandre | Wallonie,,ngo,human_rights_advocacy | campaigns | research,85,ngo,,https://www.amnesty.be
"{'wheelchair': True, 'virtual_consultation': True, 'phone_consultation': True}",Brussels Bar Association,Rue Archimède 89,accepting_clients,Insurance claims | Liability disputes | Coverage disputes,,anita.rossi@avocats.be,"{'consultation': 145, 'initial_contact': 'Gratuit', 'payment_plans': True}",2010,"{'monday_friday': '09:00-17:00', 'saturday': None, 'sunday': None}",LAW020,French | English | Italian,Anita Rossi,Insurance industry specialist,+32 2 790 3456,1200,"{'name': 'Insurance Federation', 'relationship': 'Member'}",Brussels,Brussels | Wallonia,"{'rating': 4.5, 'count': 32, 'source': 'Professional Directory'}",Insurance Professional Network,Insurance Law | Claims Handling | Liability,1,individual,2 weeks,
wheelchair_accessible,Flemish health authority,Falconplein 20,900,general_practice | sexual_health | harm_reduction,Antwerp,info@achc-antwerpen.be,free/sliding_scale,2003,"08:00-18:00 Mon-Fri, 10:00-14:00 Sat",antwerp_health_001,nl | fr | en | ar | am,Antwerp Community Health Centre,Comprehensive health services,+32 (0)3 213 80 80,2000,info@achc-antwerpen.be,Flandre,Flandre,,ngo,primary_healthcare | sexual_health | addiction_support,68,healthcare_center,,https://www.achc-antwerpen.be
wheelchair_accessible,Flemish education authority,Groenplaats 25,1000,dutch_for_migrants | professional_dutch | cultural_orientation,Antwerp,info@ala-antwerpen.be,free/subsidized,2002,"09:00-20:00 Mon-Fri, 10:00-14:00 Sat",lang_ant_001,nl | en | fr,Antwerp Language Academy,Integration language programs,+32 (0)3 213 50 50,2000,info@ala-antwerpen.be,Flandre,Flandre,,ngo,language_training | integration_classes | vocational_language,55,language_center,,https://www.ala-antwerpen.be
Wheelchair accessible,ISO 17025:2017,147 Sint-Antoniusstraat,35,Age Assessment | Health Screening | Medical Evaluation,Antwerp,assessment@antwerp-mena.be,Free,2016-03-15,Mon-Fri 08:00-17:00,MED_ANT_001,NL | AR | EN | TR,Antwerp MENA Medical Assessment Centre,Specialized MENA assessment with forensic capabilities,+32 3 555 0100,2000,Dr. Peter Vanderveken | Dr. Anja Wouters,Flandre,Flandre,,Antwerp Health Authority,Age Determination (MENA),8 Medical staff | 2 Interpreters | 1 Administrative,Medical Center,,https://antwerp-mena.be
"{'wheelchair': True, 'virtual_consultation': True, 'phone_consultation': True}",Antwerp Bar Association,Antwerpsekaai 67,accepting_clients,Shipping contracts | Port disputes | Maritime law,,shipping@antportlaw.be,"{'consultation': 175, 'initial_contact': 'Gratuit', 'payment_plans': True}",2006,"{'monday_friday': '08:00-17:00', 'saturday': None, 'sunday': None}",LAW037,English | Dutch | French,Antwerp Port & Shipping Law,Maritime law experts,+32 3 215 4567,2000,"{'name': 'Port Authority Antwerp', 'relationship': 'Professional'}",Flanders,Flanders | EU,"{'rating': 4.5, 'count': 37, 'source': 'Google'}",Port Authority,Maritime Law | Shipping | Port Operations,9,firm,2-3 weeks,https://www.antportlaw.be
Wheelchair accessible,Flandre Employment Services,147 Falconplein,35,Job Training | Apprenticeships | Job Matching,Antwerp,employment@antwerp-hub.be,Free,2014-03-10,Mon-Fri 08:00-17:00,EMPL_ANT_001,NL | FR | AR | EN,Antwerp Youth Employment & Training Hub,Apprenticeship and job placement programs for vulnerable youth,+32 3 555 0300,2000,Hub Manager Patricia Van der Linden | Training Coordinator Hassan Omar,Flandre,Flandre,,Antwerp Employment Services,Youth Employment & Vocational Training,4 Training coordinators | 2 Job coaches,Employment Centre,,https://antwerp-hub.be
Wheelchair accessible,"Belgian Psychology Association, ISO 17025:2017",147 Avenue de la Toison d'Or,25,IQ Testing | Learning Disability Assessment | Personality Assessment,Bruxelles,assessment@psytest-brussels.be,Free for referrals,2014-02-10,Mon-Fri 09:00-17:00,PSY_BXL_001,FR | NL | AR | EN,Assessment & Testing Centre Brussels,Conducts comprehensive psycho-educational evaluations for youth,+32 2 555 0600,1050,Dr. Paul Leclerc | Psychologist Marie Fontaine,Bruxelles,Bruxelles,,Brussels Education Ministry,Psychological Assessment & Testing,6 Psychologists | 2 Neuropsychologists | 1 Educational specialist,Psychological Centre,,https://psytest-brussels.be
"{'wheelchair': True, 'virtual_consultation': True, 'phone_consultation': True}",Brussels Bar Association | Court Certified,Boulevard Adolphe Max 22,accepting_clients,Criminal defense | Administrative appeals | Litigation,,brussels@avocat.be,"{'consultation': 180, 'initial_contact': 'Gratuit', 'payment_plans': True}",2005,"{'monday_friday': '08:30-18:30', 'saturday': '10:00-14:00', 'sunday': None}",LAW003,French | English | Dutch | German,Avocat.be - Brussels Office,24/7 emergency legal services available,+32 2 547 3322,1000,"{'name': ""Attorney General's Office"", 'relationship': 'Professional'}",Brussels,Brussels | Wallonia | Flanders,"{'rating': 4.5, 'count': 73, 'source': 'Google'}",Professional Registry,Criminal Law | Administrative Law | Civil Litigation,25,firm,1 week,https://www.avocat.be
"{'wheelchair': True, 'virtual_consultation': True, 'phone_consultation': True}",Bruges Bar Association,Steenstraat 23,accepting_clients,Tourism | Hospitality | Commerce,,commercial@brugeslaw.be,"{'consultation': 140, 'initial_contact': 'Gratuit', 'payment_plans': True}",2012,"{'monday_friday': '09:00-17:30', 'saturday': None, 'sunday': None}",LAW015,Dutch | English | French | German,Bruges Commercial Attorneys,Tourism sector specialists,+32 50 343 2121,8000,"{'name': 'Bruges Tourism Board', 'relationship': 'Member'}",Flanders,Flanders,"{'rating': 4.3, 'count': 41, 'source': 'Google'}",Chamber of Commerce,Tourism Law | Commercial Contracts | Business Licensing,5,firm,2 weeks,https://www.brugeslaw.be
"{'wheelchair': True, 'virtual_consultation': True, 'phone_consultation': True}",Bruges Bar Association | International Law Certified,Markt 12,accepting_clients,International disputes | Cross-border litigation | EU matters,,international@brugesint.be,"{'consultation': 180, 'initial_contact': 'Gratuit', 'payment_plans': True}",2005,"{'monday_friday': '08:30-18:00', 'saturday': None, 'sunday': None}",LAW027,English | Dutch | French | German | Spanish,Bruges International Law,EU and international law expertise,+32 50 447 2121,8000,"{'name': 'EU Legal Network', 'relationship': 'Member'}",Flanders,Flanders | EU,"{'rating': 4.7, 'count': 61, 'source': 'Google'}",EU Professional Network,International Law | Cross-Border Disputes | EU Law,12,firm,2 weeks,https://www.brugesint.be
"{'wheelchair': True, 'virtual_consultation': True, 'phone_consultation': True}",Brussels Bar Association | Compliance Certified,Rue de la Loi 200,accepting_clients,AML compliance | Regulatory audit | Financial law,,compliance@bruscomp.be,"{'consultation': 200, 'initial_contact': 'Gratuit', 'payment_plans': True}",2008,"{'monday_friday': '08:00-18:00', 'saturday': None, 'sunday': None}",LAW039,English | French | Dutch,Brussels Compliance & Regulatory,Financial compliance specialists,+32 2 289 3333,1040,"{'name': 'Financial Regulator Belgium', 'relationship': 'Professional'}",Brussels,Brussels | Belgium | EU,"{'rating': 4.8, 'count': 74, 'source': 'Google'}",Financial Sector Network,Regulatory Compliance | AML/KYC | Financial Regulations,22,firm,1-2 weeks,https://www.bruscomp.be
wheelchair_accessible,Belgian healthcare authority,Rue Royale 200,1200,general_practice | gynecology | mental_health | dental,Bruxelles,info@bhcm.be,free/sliding_scale,2008,"08:00-18:00 Mon-Fri, 10:00-14:00 Sat",bruxhealth_001,nl | fr | en | ar | am | ti | so,Brussels Health Centre for Migrants,Comprehensive health center,+32 (0)2 505 50 50,1000,info@bhcm.be,Bruxelles,Bruxelles,,ngo,primary_healthcare | sexual_health | mental_health,85,healthcare_center,,https://www.bhcm.be
"{'wheelchair': True, 'virtual_consultation': True, 'phone_consultation': True}",Brussels Bar Association | Healthcare Law Certified,Avenue des Arts 56,accepting_clients,Medical malpractice | Regulatory compliance | Pharmaceutical law,,healthcare@brusmed.be,"{'consultation': 190, 'initial_contact': 'Gratuit', 'payment_plans': True}",2009,"{'monday_friday': '08:30-17:30', 'saturday': None, 'sunday': None}",LAW021,English | French | Dutch,Brussels Healthcare & Medical Law,Healthcare sector specialists,+32 2 231 4567,1040,"{'name': 'Hospital Association', 'relationship': 'Partner'}",Brussels,Brussels | Wallonia,"{'rating': 4.6, 'count': 51, 'source': 'Google'}",Medical Association,Medical Law | Healthcare Compliance | Pharma Law,11,firm,2-3 weeks,https://www.brusmed.be
wheelchair_accessible,Belgian NGO sector,Rue du Marché au Charbon 30,800,cultural_programs | community_events | mentorship,Bruxelles,info@bic-brussels.be,free/low_cost,2003,"10:00-19:00 Mon-Fri, 10:00-18:00 Sat-Sun",cult_001,fr | nl | en,Brussels Intercultural Centre,Intercultural community hub,+32 (0)2 512 31 73,1000,info@bic-brussels.be,Bruxelles,Bruxelles,,ngo,cultural_exchange | integration_activities | community_events,42,culture_center,,https://www.bic-brussels.be
wheelchair_accessible,Belgian education ministry,Rue de Flandre 40,2000,dutch_courses | french_courses | cultural_classes,Bruxelles,courses@blcc.be,free/sliding_scale,1994,"09:00-21:00 Mon-Fri, 09:00-17:00 Sat",lang_001,nl | fr | en,Brussels Language and Culture Centre,Language and culture training,+32 (0)2 219 50 50,1000,courses@blcc.be,Bruxelles,Bruxelles,,ngo,language_training | cultural_integration | literacy,112,language_center,,https://www.blcc.be
wheelchair_accessible,Brussels government,Avenue Louise 500,1000,integration_planning | referral_coordination | long_term_support,Bruxelles,info@bric.brussels,free,2010,09:00-17:00 Mon-Fri,reg_int_001,nl | fr | en | ar,Brussels Regional Integration Centre,Regional integration hub,+32 (0)2 540 80 00,1050,info@bric.brussels,Bruxelles,Bruxelles,,official,integration_coordination | settlement_support | pathway_guidance,65,integration_center,,https://www.bric.brussels
"{'wheelchair': True, 'virtual_consultation': True, 'phone_consultation': True}",Brussels Bar Association | Tax Specialist Certified,Rue de la Loi 45,accepting_clients,Tax disputes | VAT issues | Transfer pricing,,tax@brusltax.be,"{'consultation': 200, 'initial_contact': 'Gratuit', 'payment_plans': True}",2006,"{'monday_friday': '08:30-18:30', 'saturday': None, 'sunday': None}",LAW019,French | English | Dutch | German,Brussels Tax & Finance Law,EU tax law expertise,+32 2 285 7788,1040,"{'name': 'Belgian Tax Authority', 'relationship': 'Professional'}",Brussels,Brussels | Belgium | EU,"{'rating': 4.7, 'count': 48, 'source': 'Google'}",Tax Professional Network,Tax Law | VAT Compliance | International Tax,19,firm,2 weeks,https://www.brusltax.be
"{'wheelchair': True, 'virtual_consultation': True, 'phone_consultation': True}",Brussels Bar Association,Rue des Colonies 45,accepting_clients,Urban planning | Development permits | Municipal law,,urban@brussurban.be,"{'consultation': 165, 'initial_contact': 'Gratuit', 'payment_plans': True}",2007,"{'monday_friday': '09:00-17:30', 'saturday': None, 'sunday': None}",LAW031,French | English | Dutch,Brussels Urban Development Law,Urban development specialists,+32 2 511 4567,1000,"{'name': 'Brussels Planning Department', 'relationship': 'Professional'}",Brussels,Brussels,"{'rating': 4.5, 'count': 47, 'source': 'Google'}",Municipal Network,Urban Planning | Real Estate Development | Municipal Compliance,9,firm,2-3 weeks,https://www.brussurban.be
partial_accessible,Belgian NGO sector,Rue du Faubourg 69,600,housing_advocacy | community_projects | mediation,Bruxelles,contact@bruxact.be,free,2008,10:00-18:00 Mon-Fri,bruxact_001,fr | nl | en,BruxAct - Action Citoyenne,Civic participation and housing,+32 (0)2 219 68 89,1000,contact@bruxact.be,Bruxelles,Bruxelles,,ngo,civic_participation | housing_support | community_organizing,38,ngo,,https://www.bruxact.be
wheelchair_accessible,Belgian bar association,Rue du Vieux Marché aux Grains 30,2000,asylum_appeal | family_reunification | documentation,Bruxelles,info@cajm.be,free/sliding_scale,1993,09:00-17:00 Mon-Fri,cajm_001,fr | nl | en | ar | am,CAJM - Commission d'Aide Juridique aux Migrants,Specialized legal aid for migrants,+32 (0)2 510 38 05,1000,info@cajm.be,Bruxelles,Bruxelles,,ngo,legal_aid | immigration_law | asylum_representation,95,ngo,,https://www.cajm.be
wheelchair_accessible,Belgian education ministry,Rue Théodore Verhaeghe 10,1500,literacy_training | language_classes | vocational_education,Bruxelles,info@cesp.be,free/sliding_scale,1982,09:00-18:00 Mon-Fri,cesp_001,fr | nl | en | ar,CESP - Centre for Education and Social Policy,Education and social integration,+32 (0)2 539 42 31,1060,info@cesp.be,Bruxelles,Bruxelles,,ngo,education | literacy | skill_development,95,ngo,,https://www.cesp.be
wheelchair_accessible,Belgian federal government,Place de la Gare 3,5000,asylum_application | family_reunification | stateless_persons,Bruxelles,info@cgra.be,free,1952,09:00-17:00 Mon-Fri,cgra_001,nl | fr | en | ar | am | ti,CGRA - Commissariat Général aux Réfugiés et Apatrides,Official asylum processing authority,+32 (0)2 793 89 00,1060,info@cgra.be,Bruxelles,Bruxelles | Flandre | Wallonie,,official,asylum_processing | refugee_status | statelessness_determination,450,government_agency,,https://www.cgra.be
wheelchair_accessible,Belgian NGO sector,Rue du Vieux Marché aux Grains 30,1200,discrimination_cases | advocacy | training,Bruxelles,info@cire.be,free,1995,09:00-17:00 Mon-Fri,cire_001,fr | nl | en,CIRE - Collective Against Racism,Anti-racism and discrimination work,+32 (0)2 217 90 20,1000,info@cire.be,Bruxelles,Bruxelles | Flandre | Wallonie,,ngo,anti_racism | advocacy | education,65,ngo,,https://www.cire.be
"{'wheelchair': True, 'virtual_consultation': True, 'phone_consultation': True}",Brussels Bar Association | ISO 9001,Avenue de la Toison d'Or 45,accepting_clients,Business disputes | Contracts | Company formation,,contact@cabinetbruxelles.be,"{'consultation': 150, 'initial_contact': 'Gratuit', 'payment_plans': True}",2010,"{'monday_friday': '09:00-18:00', 'saturday': None, 'sunday': None}",LAW001,French | English | Dutch,Cabinet Juridique Bruxelles SARL,Full-service firm specializing in corporate law,+32 2 512 3456,1050,"{'name': 'Notaire Paul Dubois', 'relationship': 'Professional network'}",Brussels,Brussels | Wallonia,"{'rating': 4.7, 'count': 42, 'source': 'Google'}",Brussels Legal Directory,Commercial Law | Contract Law | Corporate Law,12,firm,1-2 weeks,https://www.cabinetbruxelles.be
"{'wheelchair': True, 'virtual_consultation': True, 'phone_consultation': True}",Liège Bar Association,Rue Royale 98,accepting_clients,Social security appeals | Disability benefits | Welfare rights,,carole.mathieu@avocats.be,"{'consultation': 90, 'initial_contact': 'Gratuit', 'payment_plans': True}",2013,"{'monday_friday': '09:00-16:30', 'saturday': None, 'sunday': None}",LAW010,French,Carole Mathieu,Advocate for vulnerable populations,+32 4 222 5678,4000,"{'name': 'Liège Social Services', 'relationship': 'Regular referral'}",Wallonia,Wallonia,"{'rating': 4.8, 'count': 64, 'source': 'Avocats.be'}",Social Services Network,Social Security Law | Disability Rights | Welfare Law,1,individual,1 week,
wheelchair_accessible,Walloon regional government,Rue de Montfort 112,600,job_training | language_classes | social_integration,Charleroi,info@cari-charleroi.be,free/sliding_scale,1995,08:30-17:00 Mon-Fri,charleroi_001,fr | nl | en | ar,Centre d'Actions et de Réalisations pour l'Immigrant,Regional integration center Charleroi,+32 (0)71 30 61 72,6000,info@cari-charleroi.be,Wallonie,Wallonie,,ngo,integration | employment_support | language_training,42,ngo,,https://www.cari-charleroi.be
"Wheelchair accessible, Elevator, Accessible restrooms","ISO 17025:2017, Belgian Health Authority",123 Rue de la Paix,45,Age Assessment | Medical Evaluation | Forensic Assessment,Bruxelles,age.determination@mena-brussels.be,Free,2015-03-20,Mon-Fri 08:00-17:00,MED_BXL_001,FR | AR | EN | TR | AM,Centre de Détermination de l'Âge - MENA Brussels,Specialized in adolescent MENA age determination using multi-method approach,+32 2 555 0100,1000,Dr. Philippe Moreau | Dr. Sarah Leblanc,Bruxelles,Bruxelles | Flandre | Wallonie,,Belgian Health Registry,Age Determination (MENA),15 Medical staff | 3 Interpreters | 2 Administrative,Medical Center,,https://mena-brussels.be
"{'wheelchair': True, 'virtual_consultation': True, 'phone_consultation': True}",Charleroi Bar Association,Boulevard Tirou 98,accepting_clients,Factory regulations | Industrial disputes | Manufacturing law,,industrial@charleroi.be,"{'consultation': 140, 'initial_contact': 'Gratuit', 'payment_plans': True}",2009,"{'monday_friday': '08:00-17:00', 'saturday': None, 'sunday': None}",LAW033,French | English,Charleroi Industrial Law Center,Manufacturing sector focus,+32 71 457 6789,6000,"{'name': 'Walloon Industry Federation', 'relationship': 'Partner'}",Wallonia,Wallonia,"{'rating': 4.3, 'count': 29, 'source': 'Google'}",Industry Federation,Industrial Law | Factory Regulations | Manufacturing,5,firm,2 weeks,https://www.charleroi-industrial.be
wheelchair_accessible,Walloon health authority,Rue de Montfort 85,550,medical_consultation | occupational_medicine | preventive_health,Charleroi,medical@charleroi-migrants.be,free,2009,08:30-17:30 Mon-Fri,charleroi_health_001,fr | nl | en,Charleroi Medical Clinic for Migrants,Charleroi health services,+32 (0)71 30 98 98,6000,medical@charleroi-migrants.be,Wallonie,Wallonie,,ngo,general_medicine | occupational_health | health_screening,40,healthcare_center,,https://www.charleroi-migrants.be
Wheelchair accessible,Wallonie Employment Ministry,258 Rue de Marcinelle,40,Skills Training | Job Coaching | Employment Placement,Charleroi,employment@charleroi-skills.be,Free,2013-10-01,Mon-Fri 08:30-17:30,EMPL_CHA_001,FR | NL | AR | EN,Charleroi Skills & Employment Training,Vocational training and employment support for young migrants,+32 71 555 0200,6000,Training Director Michel Vandeput | Job Coach Sophie Laurent,Wallonie,Wallonie,,Charleroi Employment Office,Vocational Training & Job Placement,5 Trainers | 2 Job coaches | 1 Career counselor,Employment Centre,,https://charleroi-skills.be
Accessible,Belgian Social Services,147 Boulevard Tirou,20,Housing Assessment | Integration Planning | Support Services,Charleroi,integration@charleroi-social.be,Free,2015-02-15,Mon-Fri 09:00-17:00,SOC_CHA_001,FR | AR | EN,Charleroi Social Integration & Housing,Focuses on housing and social integration for vulnerable youth,+32 71 555 0100,6000,Director Françoise Martin | Housing Specialist Thierry Gérard,Wallonie,Wallonie,,Charleroi Welfare Office,Social Integration & Housing Assessment,4 Social workers | 1 Housing specialist,Social Assessment Centre,,https://charleroi-social.be
"Playroom, Accessible facilities",Belgian Psychology Association,369 Rue de la Paix,35,Developmental Screening | Behavioral Disorders | Speech/Language,Bruxelles,development@childclinic-bxl.be,Sliding scale,2011-04-20,Mon-Fri 08:00-17:30,PSY_BXL_003,FR | NL | AR | EN | PL,Child & Adolescent Development Clinic,Comprehensive developmental evaluations for children 0-18 years,+32 2 555 0800,1000,Dr. Christophe Legrand | Speech Therapist Anne Leconte,Bruxelles,Bruxelles,,Brussels Child Welfare,Child Development & Behavioral Assessment,4 Developmental specialists | 2 Speech therapists | 3 Psychologists,Psychological Centre,,https://childclinic-bxl.be
wheelchair_accessible,Belgian child protection system,Rue du Marché aux Herbes 110,900,advocacy | legal_support | care_coordination,Bruxelles,info@crcentre.be,free,1998,09:00-17:00 Mon-Fri,child_001,fr | nl | en | ar | am,Children's Rights Centre Brussels,Child rights advocacy,+32 (0)2 203 55 55,1000,info@crcentre.be,Bruxelles,Bruxelles | Flandre,,ngo,child_rights | unaccompanied_minors | family_support,52,ngo,,https://www.crcentre.be
wheelchair_accessible,Walloon NGO sector,Rue de la Cathédrale 12,500,legal_advice | accompaniment | documentation,Liège,contact@cml-liege.be,free,1998,09:00-17:00 Mon-Fri,liege_001,fr | nl | en | ar | am,Collectif Migrants Liège (CML),Regional collective Liège,+32 (0)4 223 74 60,4000,contact@cml-liege.be,Wallonie,Wallonie,,ngo,legal_support | integration | advocacy,35,ngo,,https://www.cml-liege.be
"{'wheelchair': True, 'virtual_consultation': True, 'phone_consultation': True}",Courtrai Bar Association,Groeningelaan 23,accepting_clients,Employment disputes | Contract review | Worker rights,,labor@courtrailaw.be,"{'consultation': 120, 'initial_contact': 'Gratuit', 'payment_plans': True}",2011,"{'monday_friday': '08:30-17:30', 'saturday': None, 'sunday': None}",LAW029,Dutch | French | English,Courtrai Labor Advocates,Worker advocacy specialists,+32 56 222 3333,8500,"{'name': 'Labor Union Federation', 'relationship': 'Partner'}",Flanders,Flanders,"{'rating': 4.4, 'count': 43, 'source': 'Google'}",Labor Union,Labor Law | Employment Contracts | Worker Rights,7,firm,2 weeks,https://www.courtrailaw.be
"{'wheelchair': True, 'virtual_consultation': True, 'phone_consultation': True}",Gent Bar Association,Ottergemsesteenweg 45,accepting_clients,Music licensing | Media rights | Entertainment contracts,,cristina.moretti@avocats.be,"{'consultation': 160, 'initial_contact': '160 EUR', 'payment_plans': True}",2014,"{'monday_friday': '10:00-18:00', 'saturday': None, 'sunday': None}",LAW030,Dutch | English | Italian,Cristina Moretti,Entertainment industry expert,+32 9 225 2121,9000,"{'name': 'SABAM Belgium', 'relationship': 'Professional'}",Flanders,Flanders,"{'rating': 4.6, 'count': 35, 'source': 'Professional Directory'}",Arts Professional Network,Entertainment Law | Media Rights | Licensing,1,individual,2 weeks,https://www.cristinalegal.be
wheelchair_accessible,Belgian federal government,Place de la Gare 3,2000,residence_permit_application | travel_documents | status_change,Bruxelles,info@dgm.be,variable,2011,09:00-17:00 Mon-Fri,dgm_001,nl | fr | en,DGM - General Migration Directorate,Handles immigration documentation and permits,+32 (0)2 793 80 00,1060,info@dgm.be,Bruxelles,Bruxelles | Flandre | Wallonie,,official,documentation | residence_permits | immigration_law,280,government_agency,,https://www.dgm.be
wheelchair_accessible,Belgian dental board,Rue Adolphe Lavalette 5,300,dental_treatment | emergency_care | prevention,Bruxelles,info@dentsolidaire.be,free,2002,09:00-17:00 Mon-Fri,tooth_001,fr | nl | en,Dent Solidaire - Free Dental Clinic,Free dental care for vulnerable,+32 (0)2 414 71 86,1080,info@dentsolidaire.be,Bruxelles,Bruxelles,,ngo,dental_care | emergency_dental | oral_health,18,healthcare_center,,https://www.dentsolidaire.be
wheelchair_accessible,Flemish government,Falconplein 37,800,legal_counseling | job_placement | education_support,Antwerp,info@dva-antwerpen.be,free/sliding_scale,1993,09:00-17:00 Mon-Fri,antwerp_001,nl | fr | en | ar | am,Dienst Vreemdelingen Antwerpen (DVA),Regional service Antwerp,+32 (0)3 213 20 20,2000,info@dva-antwerpen.be,Flandre,Flandre,,ngo,integration | legal_support | employment,58,ngo,,https://www.dva-antwerpen.be
"{'wheelchair': False, 'virtual_consultation': True, 'phone_consultation': True}",Antwerp Bar Association,Meir 89,limited_availability,Bankruptcy | Restructuring | Debt settlement,,dirk@antwerplegal.be,"{'consultation': 130, 'initial_contact': '130 EUR', 'payment_plans': True}",2010,"{'monday_friday': '09:00-17:00', 'saturday': None, 'sunday': None}",LAW012,Dutch | English,Dirk Vandeputte,Specialized in commercial bankruptcy,+32 3 234 7654,2000,"{'name': 'Antwerp Chamber of Commerce', 'relationship': 'Member'}",Flanders,Flanders,"{'rating': 4.4, 'count': 38, 'source': 'Professional Directory'}",Bar Association,Bankruptcy Law | Creditor Rights | Insolvency,2,individual,3 weeks,
fully_accessible,Belgian disability authority,Rue Nouvelle 38,400,disability_assessment | accommodation_arrangements | support_coordination,Bruxelles,services@damss.be,free,2009,09:00-17:00 Mon-Fri,adapt_001,nl | fr | en,Disability and Migrant Support Services,Disability and migration intersection,+32 (0)2 526 35 35,1070,services@damss.be,Bruxelles,Bruxelles,,ngo,disability_support | accessibility_advocacy | care_coordination,35,ngo,,https://www.damss.be
wheelchair_accessible,Belgian research sector,Rue de Flandre 35,400,research_support | information_provision | advocacy,Bruxelles,research@dcr.be,free,2000,10:00-17:00 Mon-Fri,doc_001,fr | en | nl,Documentation Centre on Refugees,Migration research and policy,+32 (0)2 217 98 98,1000,research@dcr.be,Bruxelles,Bruxelles,,ngo,research | information_provision | policy_advocacy,28,ngo,,https://www.dcr.be
"{'wheelchair': True, 'virtual_consultation': True, 'phone_consultation': True}",Brussels Bar Association,Rue de Namur 78,limited_availability,Divorce | Child custody | Succession planning,,marie.dupont@avocats.be,"{'consultation': 120, 'initial_contact': '120 EUR', 'payment_plans': True}",2008,"{'monday_friday': '10:00-17:00', 'saturday': None, 'sunday': None}",LAW002,French | English,Dr. Marie Dupont,"Specialized mediator, high client satisfaction",+32 2 219 8765,1000,"{'name': 'Dr. Jean Moreau', 'relationship': 'Colleague'}",Brussels,Brussels,"{'rating': 4.9, 'count': 58, 'source': 'Avocats.be'}",Bar Association Referral,Family Law | Inheritance | Mediation,1,individual,3-4 weeks,
wheelchair_accessible,Belgian elderly care authority,Avenue Jean Jaurès 30,600,health_monitoring | home_support | social_activities,Bruxelles,care@emcn.be,free/sliding_scale,2008,08:00-17:00 Mon-Fri,elder_001,fr | nl | en | ar,Elderly Migrants Care Network,Senior migrant care,+32 (0)2 539 15 15,1060,care@emcn.be,Bruxelles,Bruxelles,,ngo,elderly_care | health_services | social_engagement,38,ngo,,https://www.emcn.be
"{'wheelchair': True, 'virtual_consultation': True, 'phone_consultation': True}",Brussels Bar Association,Boulevard Saint-Germain 234,accepting_clients,Victim compensation | Criminal victim support | Rehabilitation,,elisabeth.beaumont@avocats.be,"{'consultation': 100, 'initial_contact': 'Gratuit', 'payment_plans': True}",2010,"{'monday_friday': '09:00-17:00', 'saturday': '10:00-12:00', 'sunday': None}",LAW040,French | English | Spanish,Elisabeth Beaumont,Victim rights advocate,+32 2 650 1234,1050,"{'name': 'Victims Support Centre', 'relationship': 'Partner'}",Brussels,Brussels | Belgium,"{'rating': 4.9, 'count': 103, 'source': 'Google'}",Victim Support Centre,Victim Rights | Criminal Victim Support | Rehabilitation,2,individual,1 week,https://www.beaumont-legal.be
Accessible facilities,Wallonie Housing Ministry,147 Rue de Namur,60,Emergency Shelter | Temporary Housing | Transition Support,Mons,emergency@walshelternet.be,Free,2008-09-15,24/7,SHEL_WID_001,FR | NL | AR | EN | TI,Emergency Youth Shelter - Wallonie Network,24/7 emergency shelter for homeless youth with care coordination,+32 65 555 0100,7000,Shelter Manager Michèle Lecroix | Social Worker André Wilmet,Wallonie,Wallonie,,Wallonie Housing Services,Emergency & Temporary Housing,12 Shelter staff | 4 Social workers | 2 Night supervisors,Shelter/Housing Centre,,https://walshelternet.be
wheelchair_accessible,Belgian employment services,Rue de Flandre 30,1500,job_matching | CV_preparation | interview_training,Bruxelles,jobs@ecmbrussels.be,free,2001,08:30-17:00 Mon-Fri,employ_001,nl | fr | en | ar | am,Employment Centre for Migrants Brussels,Employment integration,+32 (0)2 219 19 19,1000,jobs@ecmbrussels.be,Bruxelles,Bruxelles,,ngo,job_placement | skills_training | career_counseling,78,employment_center,,https://www.ecmbrussels.be
wheelchair_accessible,Belgian government,Boulevard Saint-Lazare 40,2200,family_counseling | childcare_support | poverty_alleviation,Bruxelles,info@fesn.be,free,1968,08:30-17:00 Mon-Fri,fesn_001,nl | fr | en,FESN - Federation for Social Action and Solidarity,Large federation of social organizations,+32 (0)2 225 17 42,1210,info@fesn.be,Bruxelles,Bruxelles | Wallonie,,ngo,social_services | family_support | vulnerable_populations,180,ngo,,https://www.fesn.be
"{'wheelchair': True, 'virtual_consultation': True, 'phone_consultation': True}",Namur Bar Association,Rue de Bavière 89,accepting_clients,Contract disputes | Commercial negotiation | Mediation,,fabrice@avocats.be,"{'consultation': 125, 'initial_contact': '125 EUR', 'payment_plans': True}",2011,"{'monday_friday': '10:00-17:00', 'saturday': None, 'sunday': None}",LAW024,French | English,Fabrice Laurent,Alternative dispute resolution specialist,+32 81 423 1234,5100,"{'name': 'Chamber of Commerce Namur', 'relationship': 'Member'}",Wallonia,Wallonia,"{'rating': 4.7, 'count': 44, 'source': 'Avocats.be'}",Bar Association,Contract Law | Commercial Disputes | Negotiation,1,individual,1 week,
Wheelchair accessible,Belgian Social Workers Association,741 Boulevard de Waterloo,20,Family Assessment | Autonomy Evaluation | Kinship Assessment,Bruxelles,family.assessment@socialcare-bxl.be,Free,2013-07-10,Mon-Fri 09:00-17:00,SOC_BXL_001,FR | NL | AR | EN | RO,Family & Autonomy Assessment Service,Assesses family reunification possibilities and autonomy levels,+32 2 555 0900,1000,Social Worker Catherine Moulin | Family Therapist Denis Leroy,Bruxelles,Bruxelles,,Brussels Social Services,Family Dynamics & Autonomy Assessment,5 Social workers | 2 Family therapists | 1 Administrative,Social Assessment Centre,,https://socialcare-bxl.be
wheelchair_accessible,Belgian federal government,Rue Gabrielle Petit 72,8500,emergency_shelter | asylum_seeker_accommodation | family_housing,Bruxelles,reception@fedasil.be,free,1998,08:00-18:00 Mon-Fri,fedasil_001,nl | fr | en | ar | am | ti | fa,Fedasil - Federal Agency for the Reception of Asylum Seekers,Network of shelters across Belgium,+32 (0)2 790 76 76,1080,reception@fedasil.be,Bruxelles,Bruxelles | Flandre | Wallonie,,official,accommodation | shelter | integration_support,520,government_agency,,https://www.fedasil.be
"{'wheelchair': True, 'virtual_consultation': True, 'phone_consultation': True}",Antwerp Bar Association,Antwerpsestraat 45,accepting_clients,Trade disputes | Contract review | Supply chain law,,info@flanderslegal.be,"{'consultation': 150, 'initial_contact': 'Gratuit', 'payment_plans': True}",2008,"{'monday_friday': '08:00-17:30', 'saturday': None, 'sunday': None}",LAW011,Dutch | English | French,Flanders Legal Associates,Port and trade law specialists,+32 3 232 1234,2000,"{'name': 'Antwerp Port Authority', 'relationship': 'Professional'}",Flanders,Flanders | Wallonia,"{'rating': 4.5, 'count': 52, 'source': 'Google'}",Trade Association,Commercial Law | Trade Law | Supply Chain,10,firm,2 weeks,https://www.flanderslegal.be
partial_accessible,European Food Bank Federation,Boulevard Lambermont 70,2000,food_distribution | nutrition_education | emergency_relief,Bruxelles,contact@foodbankbrussels.be,free,1998,09:00-17:00 Mon-Fri,food_001,nl | fr | en,Food Bank Brussels,Emergency food assistance,+32 (0)2 217 18 18,1030,contact@foodbankbrussels.be,Bruxelles,Bruxelles,,ngo,food_assistance | nutrition_support | emergency_aid,45,ngo,,https://www.foodbankbrussels.be
Wheelchair accessible,"Belgian Medical Association, ISO 9001:2015",321 Rue Royale,50,General Checkup | Chronic Disease Management | Family Planning,Bruxelles,general@multicultural-health.be,"Insurance accepted, Sliding scale",2008-01-25,Mon-Sat 08:00-18:00,MED_BXL_004,FR | NL | AR | EN | FA | UR,General Medicine Clinic - Multicultural Health,Primary care hub for migrant and refugee populations,+32 2 555 0400,1210,Dr. Ahmed Hassan | Dr. Maria Garcia,Bruxelles,Bruxelles,,Brussels Primary Care Registry,General & Preventive Medicine,8 GPs | 6 Nurses | 2 Midwives | 2 Administrative,Medical Center,,https://multicultural-health.be
"{'wheelchair': True, 'virtual_consultation': True, 'phone_consultation': True}",Gent Bar Association | Mediation Certified,Sint-Jacobs 67,accepting_clients,Divorce | Custody disputes | Family mediation,,family@gentlaw.be,"{'consultation': 110, 'initial_contact': 'Gratuit', 'payment_plans': True}",2009,"{'monday_friday': '09:00-18:00', 'saturday': '10:00-13:00', 'sunday': None}",LAW013,Dutch | English | French,Gent Family Law Center,Child-focused divorce services,+32 9 217 3456,9000,"{'name': 'Gent Mediation Center', 'relationship': 'Partnership'}",Flanders,Flanders,"{'rating': 4.9, 'count': 112, 'source': 'Google'}",Family Services,Family Law | Child Custody | Divorce Mediation,6,firm,1 week,https://www.gentlaw.be
wheelchair_accessible,Flemish health authority,Graffiti Street 45,700,general_practice | mental_health | preventive_care,Gent,health@gent-migrants.be,free/sliding_scale,2010,08:30-18:00 Mon-Fri,gent_health_001,nl | en | fr | ar,Gent Health Centre for Migrants,Gent regional health center,+32 (0)9 269 50 50,9000,health@gent-migrants.be,Flandre,Flandre,,ngo,primary_healthcare | mental_health | health_screening,52,healthcare_center,,https://www.gent-migrants.be
Wheelchair accessible,Belgian Psychology Association,369 Sint-Veerleplein,20,IQ Testing | Mental Health Assessment | Learning Disabilities,Gent,assessment@psygent.be,Free,2015-08-10,Mon-Fri 09:00-17:00,PSY_GENT_001,NL | FR | AR | EN,Gent Psychological Assessment Centre,Comprehensive psychological evaluations for vulnerable youth,+32 9 555 0100,9000,Dr. Dirk Vandenberghe | Psychologist Katrien Wauters,Flandre,Flandre,,Gent Health Services,Psychological Testing & Assessment,4 Psychologists | 1 Neuropsychologist,Psychological Centre,,https://psygent.be
wheelchair_accessible,International Habitat for Humanity,Rue de la Vallée 47,400,housing_renovation | capacity_building | advocacy,Bruxelles,brussels@habitatbelgium.be,free/sliding_scale,1984,09:00-17:00 Mon-Fri,habitat_br_001,nl | fr | en,Habitat for Humanity Belgium - Bruxelles,Housing and construction programs,+32 (0)2 514 94 94,1000,brussels@habitatbelgium.be,Bruxelles,Bruxelles,,ngo,housing | construction_training | home_improvement,32,ngo,,https://www.habitatbelgium.be
"Wheelchair accessible, Parking available","Belgian Health Ministry, HIV/AIDS Alliance",456 Avenue Louise,60,Health Screening | Infectious Disease Testing | Vaccination,Bruxelles,screening@healthbrussels.be,Sliding scale,2010-05-15,"Mon-Fri 09:00-18:00, Sat 10:00-14:00",MED_BXL_002,FR | NL | AR | EN | SO,Health Screening Centre Brussels,Specializes in refugee and asylum seeker health screenings,+32 2 555 0200,1050,Dr. Marc Dubois | Nurse Patricia Dufour,Bruxelles,Bruxelles,,Brussels Health Department,Comprehensive Health Screening,12 Nurses | 5 Doctors | 1 Nutritionist | 3 Administrative,Medical Center,,https://healthbrussels.be
"{'wheelchair': True, 'virtual_consultation': True, 'phone_consultation': True}",Brussels Bar Association | EU Law Certified,Rue de Trèves 45,accepting_clients,EU procurement | EU administrative law | Public contracts,,helmut.schneider@avocats.be,"{'consultation': 185, 'initial_contact': 'Gratuit', 'payment_plans': True}",2008,"{'monday_friday': '08:30-17:30', 'saturday': None, 'sunday': None}",LAW036,German | English | French,Helmut Schneider,EU law specialist,+32 2 783 4567,1040,"{'name': 'EU Legal Service', 'relationship': 'Professional'}",Brussels,Brussels | EU,"{'rating': 4.7, 'count': 39, 'source': 'Professional Directory'}",EU Professional Network,EU Administrative Law | European Institutions | Public Procurement,3,individual,2 weeks,https://www.schneider-legal.be
"{'wheelchair': True, 'virtual_consultation': True, 'phone_consultation': True}",Gent Bar Association,Graffiti Street 34,accepting_clients,Work permits | Asylum appeals | Residency,,inge.wouters@avocats.be,"{'consultation': 125, 'initial_contact': '125 EUR', 'payment_plans': True}",2011,"{'monday_friday': '10:00-17:00', 'saturday': None, 'sunday': None}",LAW014,Dutch | English | French | German,Inge Wouters,Multilingual immigration specialist,+32 9 223 4567,9000,"{'name': 'Belgium Immigration Services', 'relationship': 'Professional'}",Flanders,Flanders,"{'rating': 4.7, 'count': 85, 'source': 'Avocats.be'}",Immigration Advocacy Network,Immigration Law | Asylum | Work Permits,1,individual,2 weeks,
Accessible,ISO 9001:2015,852 Chaussée de Charleroi,30,Integration Assessment | Support Planning | Housing Support,Bruxelles,integration@socialinclusion.be,Free,2009-11-15,Mon-Fri 08:30-17:00,SOC_BXL_002,FR | NL | AR | EN | TI,Integration & Social Inclusion Centre,Evaluates social integration needs and creates tailored support plans,+32 2 555 1000,1060,Integration Officer Francine Arth | Case Manager Robert Lefevre,Bruxelles,Bruxelles | Flandre,,Brussels Integration Office,Social Integration & Inclusion Assessment,6 Social workers | 2 Case managers | 1 Housing specialist,Social Assessment Centre,,https://socialinclusion.be
"{'wheelchair': True, 'virtual_consultation': True, 'phone_consultation': True}",Brussels/Flanders Bars | GDPR Certified,Rue de Pavie 156,accepting_clients,Consumer protection | Data privacy | Fraud claims,,judith.vermeulen@avocats.be,"{'consultation': 115, 'initial_contact': 'Gratuit', 'payment_plans': True}",2015,"{'monday_friday': '09:00-17:00', 'saturday': None, 'sunday': None}",LAW018,Dutch | English | French,Judith Vermeulen,GDPR and digital rights expert,+32 2 514 2345,1000,"{'name': 'Data Protection Authority', 'relationship': 'Professional'}",Mixed,Brussels | Flanders | Wallonia,"{'rating': 4.8, 'count': 76, 'source': 'Avocats.be'}",Tech Legal Network,Consumer Law | Fraud Protection | Data Privacy (GDPR),2,individual,1 week,https://www.judithlegal.be
Wheelchair accessible,Belgian Education Ministry,963 Rue de Stassart,100,French Training | Dutch Training | Cultural Orientation,Bruxelles,language@culturalacademy.be,Free,2010-09-01,"Mon-Fri 09:00-18:00, Sat 10:00-13:00",LANG_BXL_001,FR | NL | AR | EN | SW | TI,Language & Cultural Integration Academy,Intensive language programs integrated with cultural orientation,+32 2 555 1100,1050,Director Martine Dupont | Language Coordinator Hassan Ahmed,Bruxelles,Bruxelles | Flandre | Wallonie,,Brussels Education Registry,Language Training & Cultural Integration,10 Language instructors | 3 Cultural mediators | 2 Administrative,Language Centre,,https://culturalacademy.be
wheelchair_accessible,Belgian bar association,Rue de Flandre 25,1200,legal_consultation | court_representation | documentation_support,Bruxelles,legal@lacb.be,free,1996,09:00-17:00 Mon-Fri,legal_001,fr | nl | en | ar,Legal Aid Centre Brussels,Pro bono legal services,+32 (0)2 219 75 75,1000,legal@lacb.be,Bruxelles,Bruxelles,,ngo,legal_advice | representation | rights_education,68,legal_aid,,https://www.lacb.be
"{'wheelchair': True, 'virtual_consultation': True, 'phone_consultation': True}",Brussels Bar Association | HR Certification,Rue du Commerce 89,accepting_clients,Wrongful termination | Workplace disputes | Contract review,,info@legalsolutions.be,"{'consultation': 160, 'initial_contact': 'Gratuit', 'payment_plans': True}",2009,"{'monday_friday': '08:00-18:00', 'saturday': None, 'sunday': None}",LAW005,French | English | Dutch,Legal Solutions Brussels,Corporate employment law specialists,+32 2 419 7743,1000,"{'name': 'HR Federation Belgium', 'relationship': 'Partner'}",Brussels,Brussels | Wallonia,"{'rating': 4.8, 'count': 91, 'source': 'Google'}",HR Professional Directory,Employment Law | Labor Relations | HR Consulting,18,firm,1 week,https://www.legalsolutions.be
Accessible,Belgian Education Ministry,258 Bondgenotenlaan,50,Dutch Training | Integration Program | Job Preparation,Leuven,language@leuven-integration.be,Free,2011-06-01,Mon-Fri 09:00-18:00,LANG_LEU_001,NL | FR | AR | EN,Leuven Dutch & Integration Programme,Integrated language and job preparation programs,+32 16 555 0200,3000,Program Director Hans Vermeulen | Instructor Amira Al-Rashid,Flandre,Flandre,,Leuven Education Office,Dutch Language & Integration Training,6 Language instructors | 1 Integration coordinator,Language Centre,,https://leuven-integration.be
Wheelchair accessible,Belgian Social Workers Association,147 Naamsestraat,15,Family Assessment | Community Integration | Kinship Care,Leuven,family@leuven-support.be,Free,2013-09-15,Mon-Fri 09:00-17:00,SOC_LEU_001,NL | FR | AR | EN,Leuven Family & Community Support,Community-based family assessment and support services,+32 16 555 0100,3000,Social Worker Petra Claes | Community Coordinator Bram Heyden,Flandre,Flandre,,Leuven Welfare Office,Family Assessment & Community Support,3 Social workers | 1 Community coordinator,Social Assessment Centre,,https://leuven-support.be
wheelchair_accessible,Flemish health authority,University Square 12,500,medical_consultation | immunization | health_coaching,Leuven,health@leuven-migrant.be,free,2015,09:00-17:00 Mon-Fri,leuven_health_001,nl | en | fr,Leuven Migrant Health Services,University-connected health center,+32 (0)16 29 50 50,3000,health@leuven-migrant.be,Flandre,Flandre,,ngo,healthcare | vaccination | health_education,38,healthcare_center,,https://www.leuven-migrant.be
wheelchair_accessible,Belgian NGO sector,Rue du Vieux Marché aux Grains 32,1500,rights_violation | advocacy | policy_review,Bruxelles,info@liguedesdroitshumains.be,free,1888,10:00-17:00 Mon-Fri,ldh_001,fr | nl | en,Ligue des Droits Humains (Human Rights League),Independent human rights organization,+32 (0)2 513 59 95,1000,info@liguedesdroitshumains.be,Bruxelles,Bruxelles | Flandre | Wallonie,,ngo,human_rights | advocacy | legal_support,120,ngo,,https://www.liguedesdroitshumains.be
Accessible,Belgian Psychology Association,258 Rue de Visée,18,Developmental Assessment | IQ Testing | Behavioral Evaluation,Liège,development@liege-psych.be,Sliding scale,2012-07-20,Mon-Fri 09:00-17:00,PSY_LIE_001,FR | AR | EN | TI,Liège Child Development & Testing Centre,Developmental assessment for migrant children,+32 4 555 0200,4000,Dr. Alain Paquay | Psychologist Dominique Roselle,Wallonie,Wallonie,,Liège Education Services,Child Development & Psychological Testing,3 Psychologists | 1 Neuropsychologist,Psychological Centre,,https://liege-psych.be
"{'wheelchair': True, 'virtual_consultation': True, 'phone_consultation': True}",Liège Bar Association,Boulevard de la Sauvenière 45,accepting_clients,Mergers | Acquisitions | Company restructuring,,corporate@liegelaw.be,"{'consultation': 170, 'initial_contact': 'Gratuit', 'payment_plans': True}",2007,"{'monday_friday': '08:30-18:00', 'saturday': None, 'sunday': None}",LAW009,French | English | German,Liège Corporate Law,Multinational business law expertise,+32 4 221 4567,4000,"{'name': 'Liège Chamber of Commerce', 'relationship': 'Partner'}",Wallonia,Wallonia | Brussels,"{'rating': 4.6, 'count': 56, 'source': 'Google'}",Chamber of Commerce,Corporate Law | M&A | Business Restructuring,14,firm,2 weeks,https://www.liegelaw.be
"{'wheelchair': True, 'virtual_consultation': True, 'phone_consultation': True}",Liège Bar Association | Energy Law Certified,Place Saint-Lambert 89,accepting_clients,Energy contracts | Environmental permits | Renewable energy,,energy@liegeenv.be,"{'consultation': 160, 'initial_contact': 'Gratuit', 'payment_plans': True}",2010,"{'monday_friday': '09:00-17:30', 'saturday': None, 'sunday': None}",LAW035,French | English | German,Liège Environmental & Energy Law,Energy sector specialists,+32 4 223 5555,4000,"{'name': 'Walloon Energy Agency', 'relationship': 'Partner'}",Wallonia,Wallonia,"{'rating': 4.6, 'count': 43, 'source': 'Google'}",Energy Agency,Energy Law | Environmental Compliance | Renewable Energy,8,firm,2 weeks,https://www.liegeenv.be
Wheelchair accessible,ISO 17025:2017,147 Rue de Saucy,30,Health Screening | Age Assessment | Medical Evaluation,Liège,assessment@liege-health.be,Free,2014-04-10,Mon-Fri 08:00-17:00,MED_LIE_001,FR | AR | EN | TI,Liège General Health & Assessment Centre,Integrated health screening and MENA assessment services,+32 4 555 0100,4000,Dr. Bernard Michaud | Dr. Marie-Claire Delfosse,Wallonie,Wallonie,,Liège Health Authority,General Health & MENA Assessment,6 Medical staff | 2 Interpreters,Medical Center,,https://liege-health.be
wheelchair_accessible,Walloon health authority,Rue de la Cathédrale 35,600,health_consultation | social_support | health_education,Liège,contact@lhsc-liege.be,free/sliding_scale,2007,09:00-17:00 Mon-Fri,liege_health_001,fr | nl | en,Liège Health and Social Centre,Liège integrated services,+32 (0)4 223 98 98,4000,contact@lhsc-liege.be,Wallonie,Wallonie,,ngo,healthcare | social_services | community_health,45,healthcare_center,,https://www.lhsc-liege.be
"{'wheelchair': False, 'virtual_consultation': False, 'phone_consultation': True}",Bruges Bar Association,Ezelstraat 45,limited_availability,Environmental permits | Building disputes | Zoning appeals,,luc.declercq@avocats.be,"{'consultation': 135, 'initial_contact': 'Gratuit', 'payment_plans': False}",2008,"{'monday_friday': '08:30-17:00', 'saturday': None, 'sunday': None}",LAW016,Dutch | French,Luc De Clercq,Environmental law expertise,+32 50 334 5678,8000,"{'name': 'Environmental Ministry', 'relationship': 'Professional'}",Flanders,Flanders,"{'rating': 4.2, 'count': 29, 'source': 'Professional Directory'}",Professional Registry,Environmental Law | Building Code | Zoning,1,individual,4 weeks,
"{'wheelchair': False, 'virtual_consultation': True, 'phone_consultation': True}",Bruges Bar Association,Langestraat 78,limited_availability,Antitrust matters | Competition compliance | Cartels,,maxim@avocats.be,"{'consultation': 175, 'initial_contact': '175 EUR', 'payment_plans': False}",2013,"{'monday_friday': '09:00-17:00', 'saturday': None, 'sunday': None}",LAW028,English | Dutch | Russian,Maxim Petrov,EU competition law expert,+32 50 449 7654,8000,"{'name': 'Competition Authority', 'relationship': 'Professional'}",Flanders,Flanders | EU,"{'rating': 4.5, 'count': 19, 'source': 'Professional Directory'}",Competition Law Network,Competition Law | Antitrust | Market Regulation,1,individual,4 weeks,
"{'wheelchair': True, 'virtual_consultation': False, 'phone_consultation': True}",Brussels Bar Association,Rue Royale 146,accepting_clients,Property purchase | Construction disputes | Easements,,verlaine@avocats.be,"{'consultation': 140, 'initial_contact': '140 EUR', 'payment_plans': False}",2012,"{'monday_friday': '09:00-17:00', 'saturday': None, 'sunday': None}",LAW004,French | English,Michaël Verlaine,Specializes in complex property transactions,+32 2 227 4567,1210,"{'name': 'Real Estate Board Brussels', 'relationship': 'Member'}",Brussels,Brussels,"{'rating': 4.6, 'count': 34, 'source': 'Avocats.be'}",Real Estate Professional Network,Real Estate Law | Property Conveyancing | Construction Law,2,individual,2 weeks,https://www.verlaine-avocat.be
wheelchair_accessible,Flemish NGO sector,Naamsestraat 62,300,housing_assistance | language_classes | skills_training,Leuven,info@migrantsolidarity-leuven.be,free,2012,10:00-18:00 Mon-Fri,leuven_001,nl | en | fr | ar,Migrant Solidarity Leuven,University town support network,+32 (0)16 29 19 20,3000,info@migrantsolidarity-leuven.be,Flandre,Flandre,,ngo,migrant_support | housing | language_training,22,ngo,,https://www.migrantsolidarity-leuven.be
"{'wheelchair': True, 'virtual_consultation': True, 'phone_consultation': True}",All Belgian Bars | International Arbitration,Grand Place 1,accepting_clients,Multi-regional disputes | Cross-border contracts | Arbitration,,national@multiregional.be,"{'consultation': 165, 'initial_contact': 'Gratuit', 'payment_plans': True}",2003,"{'monday_friday': '08:00-18:00', 'saturday': '10:00-14:00', 'sunday': None}",LAW017,French | Dutch | English | German | Italian,Multi-Regional Legal Solutions,National network with regional offices,+32 2 500 0001,1000,"{'name': 'Belgian Arbitration Council', 'relationship': 'Member'}",Mixed,Brussels | Wallonia | Flanders,"{'rating': 4.6, 'count': 127, 'source': 'Google'}",Professional Registry,General Practice | Multiple Jurisdictions | Dispute Resolution,35,firm,1-2 weeks,https://www.multiregional.be
wheelchair_accessible,Belgian healthcare association,Avenue de la Couronne 6-8,2500,medical_consultation | dental_care | mental_health,Bruxelles,info@medecinsdumonde.be,free/sliding_scale,1980,09:00-18:00 Mon-Fri,mdm_001,nl | fr | en | ar | am | ti,Médecins du Monde Belgium,Healthcare for vulnerable populations,+32 (0)2 644 20 20,1050,info@medecinsdumonde.be,Bruxelles,Bruxelles | Flandre | Wallonie,,ngo,healthcare | medical_treatment | health_education,180,ngo,,https://www.medecinsdumonde.be
wheelchair_accessible,Walloon health authority,Avenue de Sambre et Meuse 50,400,health_consultation | health_coaching | health_screening,Namur,health@namur-migrants.be,free/sliding_scale,2011,09:00-17:00 Mon-Fri,namur_health_001,fr | nl | en,Namur Health Services for Migrants,Namur regional health services,+32 (0)81 23 45 45,5000,health@namur-migrants.be,Wallonie,Wallonie,,ngo,primary_healthcare | health_education | community_health,28,healthcare_center,,https://www.namur-migrants.be
"{'wheelchair': True, 'virtual_consultation': True, 'phone_consultation': True}",Namur Bar Association,Rue de Fer 12,accepting_clients,Agricultural law | Regional permits | Public administration,,regional@namurlaw.be,"{'consultation': 105, 'initial_contact': 'Gratuit', 'payment_plans': True}",2008,"{'monday_friday': '09:00-17:00', 'saturday': None, 'sunday': None}",LAW023,French | English,Namur Regional Legal Office,Regional administration expertise,+32 81 723 4567,5000,"{'name': 'Walloon Regional Government', 'relationship': 'Professional'}",Wallonia,Wallonia,"{'rating': 4.2, 'count': 33, 'source': 'Google'}",Regional Government,Regional Law | Public Administration | Agriculture Law,7,firm,2 weeks,https://www.namurlaw.be
wheelchair_accessible,United Nations observer,Rue du Trône 98,1500,assisted_return | integration_support | research,Bruxelles,bru@iom.int,free/project_based,1951,09:00-17:00 Mon-Fri,oim_001,en | fr | nl,OIM Belgium - International Migration Organization,UN migration agency,+32 (0)2 507 89 11,1050,bru@iom.int,Bruxelles,Bruxelles | Flandre | Wallonie,,international,migration_management | humanitarian_assistance | research,75,international_org,,https://belgium.iom.int
wheelchair_accessible,Belgian employment services,Avenue de la Reine 2,1800,job_placement | language_training | skills_assessment,Bruxelles,info@praxis.be,free,1996,09:00-18:00 Mon-Fri,praxis_001,nl | fr | en | ar | am | so,PRAXIS - Integration and Settlement Services,Employment and integration focus,+32 (0)2 217 16 40,1000,info@praxis.be,Bruxelles,Bruxelles | Flandre,,ngo,integration_services | employment | education,120,ngo,,https://www.praxis.be
"Full accessibility, Dedicated child areas","Belgian Emergency Medicine Board, PICU certified",654 Rue de Trèves,80,Emergency Care | Acute Illness | Injury Treatment,Bruxelles,pediatric@emergencycare-bxl.be,Free (Emergency),2005-06-01,24/7,MED_BXL_005,FR | NL | AR | EN,Pediatric Emergency & Care Centre,"Largest pediatric emergency facility, specializes in vulnerable youth",+32 2 555 0500,1040,Dr. Sophie Bernard | Head Nurse Laurent Clement,Bruxelles,Bruxelles | Flandre | Wallonie,,Brussels Hospital Network,Pediatric Emergency & Acute Care,10 Pediatricians | 15 Nurses | 2 Social workers,Medical Center,,https://emergencycare-bxl.be
"{'wheelchair': True, 'virtual_consultation': True, 'phone_consultation': True}",Antwerp Bar Association,Griekenstraat 34,accepting_clients,Non-profit governance | Charity law | Association disputes,,petra.vandyck@avocats.be,"{'consultation': 110, 'initial_contact': 'Gratuit', 'payment_plans': True}",2012,"{'monday_friday': '09:30-16:30', 'saturday': None, 'sunday': None}",LAW038,Dutch | English,Petra Van Dyck,Non-profit sector advocate,+32 3 233 2121,2000,"{'name': 'NGO Alliance Antwerp', 'relationship': 'Advisor'}",Flanders,Flanders,"{'rating': 4.7, 'count': 52, 'source': 'Avocats.be'}",NGO Alliance,Non-Profit Law | Charity | Association Rights,1,individual,1-2 weeks,
"{'wheelchair': True, 'virtual_consultation': False, 'phone_consultation': True}",Charleroi Bar Association,Place d'Armes 56,accepting_clients,Municipal permits | Administrative appeals | Public services,,pierre.henault@avocats.be,"{'consultation': 95, 'initial_contact': 'Gratuit', 'payment_plans': True}",2011,"{'monday_friday': '10:00-16:00', 'saturday': None, 'sunday': None}",LAW008,French,Pierre Henault,Specialist in municipal and administrative matters,+32 71 367 2341,6000,"{'name': 'Charleroi Municipality', 'relationship': 'Referral'}",Wallonia,Wallonia,"{'rating': 4.3, 'count': 22, 'source': 'Local Directory'}",Local Bar Association,Municipal Law | Administrative Compliance | Public Records,1,individual,3 weeks,
wheelchair_accessible,Belgian NGO sector,Rue de Flandre 31,800,basic_support | language_classes | job_training,Bruxelles,contact@pcsr.be,free,2015,10:00-18:00 Mon-Fri,plateforme_001,fr | nl | en | ar | am,Plateforme Citoyenne de Soutien aux Réfugiés,Grassroots refugee support network,+32 (0)2 502 87 68,1000,contact@pcsr.be,Bruxelles,Bruxelles,,ngo,refugee_support | integration | community_programs,45,ngo,,https://www.pcsr.be
wheelchair_accessible,Belgian psychological association,Rue de Flandre 19,400,individual_therapy | group_therapy | trauma_support,Bruxelles,contact@pscsbrussels.be,free/sliding_scale,2007,"09:00-17:00 Mon-Fri, 09:00-13:00 Sat",psycho_001,fr | nl | en | ar | am | ku,Psychosocial Support Centre Brussels,Specialized trauma and mental health,+32 (0)2 219 75 86,1000,contact@pscsbrussels.be,Bruxelles,Bruxelles,,ngo,mental_health | trauma_counseling | psychological_support,35,healthcare_center,,https://www.pscsbrussels.be
wheelchair_accessible,International Red Cross and Red Crescent Movement,Rue de Trèves 61,3000,emergency_care | health_screening | psychosocial_support,Bruxelles,contact@croix-rouge.be,free,1870,09:00-17:00 Mon-Fri,rcb_001,nl | fr | en | ar,Red Cross Belgium (Croix-Rouge de Belgique),Major humanitarian organization,+32 (0)2 791 55 11,1040,contact@croix-rouge.be,Bruxelles,Bruxelles | Flandre | Wallonie,,ngo,emergency_assistance | healthcare | humanitarian_aid,350,ngo,,https://www.croix-rouge.be
"{'wheelchair': True, 'virtual_consultation': False, 'phone_consultation': True}",Brussels Notarial Order,Rue Lebeau 67,limited_availability,Property transfer | Wills | Succession planning,,rene.debacker@avocats.be,"{'consultation': 100, 'initial_contact': 'Gratuit', 'payment_plans': False}",2006,"{'monday_friday': '09:00-16:30', 'saturday': None, 'sunday': None}",LAW032,French | Dutch,Rene De Backer,Notarial specialist,+32 2 219 3456,1210,"{'name': 'Notaries Guild', 'relationship': 'Member'}",Brussels,Brussels,"{'rating': 4.2, 'count': 28, 'source': 'Professional Directory'}",Notaries Guild,Notarial Law | Property Transfer | Succession,1,individual,4 weeks,
"Accessible, Safe spaces",European Trauma Association,258 Chaussée d'Ixelles,40,Resilience Training | Group Therapy | Mindfulness Programs,Bruxelles,resilience@traumarecovery.be,Free,2016-09-15,Mon-Fri 10:00-18:00,PSY_BXL_002,FR | AR | EN | AM | SO,Resilience & Trauma Recovery Programme,Focuses on building resilience in vulnerable youth through evidence-based programs,+32 2 555 0700,1050,Psychologist Laura Meyers | Counselor Michel Dubois,Bruxelles,Bruxelles | Flandre,,Brussels Youth Services,Resilience Training & Emotional Recovery,5 Therapists | 3 Counselors | 2 Group facilitators,Psychological Centre,,https://traumarecovery.be
wheelchair_accessible,Belgian child protection authority,Rue de la Concorde 65,1000,child_asylum | family_reunification | guardianship,Bruxelles,contact@sem.be,free,2002,09:00-17:00 Mon-Fri,sem_001,fr | nl | en | ar | am,SEM - Solidarité Enfants Migrants,Child and minor protection,+32 (0)2 539 73 86,1050,contact@sem.be,Bruxelles,Bruxelles,,ngo,child_protection | unaccompanied_minors | family_support,72,ngo,,https://www.sem.be
wheelchair_accessible,Belgian health system,Avenue Clemenceau 35,800,medical_consultation | immunization | preventive_care,Bruxelles,info@santeplus.be,free,1995,"08:00-19:00 Mon-Fri, 09:00-17:00 Sat",sante_001,nl | fr | en | ar | am,Santé Plus - Community Health Centre,Community health center,+32 (0)2 526 11 11,1070,info@santeplus.be,Bruxelles,Bruxelles,,ngo,primary_healthcare | vaccination | health_screening,62,healthcare_center,,https://www.santeplus.be
partial_accessible,Walloon NGO sector,Avenue de Sambre et Meuse 34,350,emergency_assistance | housing_support | food_security,Namur,info@sarn-namur.be,free,2005,09:00-16:30 Mon-Fri,namur_001,fr | nl | en | ar,Service d'Aide aux Réfugiés Namur,Regional support center Namur,+32 (0)81 23 09 18,5000,info@sarn-namur.be,Wallonie,Wallonie,,ngo,refugee_support | housing | basic_needs,24,ngo,,https://www.sarn-namur.be
wheelchair_accessible,Brussels government,Boulevard Anspach 50,1500,benefits_application | case_management | welfare_support,Bruxelles,info@sibbrussels.be,free,2004,08:30-17:00 Mon-Fri,social_001,nl | fr | en | ar,Social Integration Bureau Brussels,Social welfare and benefits,+32 (0)2 505 11 11,1000,info@sibbrussels.be,Bruxelles,Bruxelles,,official,social_services | benefits_counseling | case_management,85,social_services,,https://www.sibbrussels.be
wheelchair_accessible,Belgian housing association,Boulevard de la Paix 40,2000,housing_access | landlord_issues | housing_education,Bruxelles,contact@solidaritelogement.be,free/sliding_scale,1991,09:00-17:00 Mon-Fri,hous_001,fr | nl | en,Solidarité Logement Brussels,Housing rights and access,+32 (0)2 505 05 50,1000,contact@solidaritelogement.be,Bruxelles,Bruxelles,,ngo,housing_provision | landlord_liaison | housing_rights,95,housing_association,,https://www.solidaritelogement.be
"{'wheelchair': False, 'virtual_consultation': True, 'phone_consultation': True}",Brussels Bar Association | IP Patent Attorney,Avenue Louise 223,limited_availability,Patent registration | Trademark disputes | Copyright,,sophie@avocats-louise.be,"{'consultation': 200, 'initial_contact': '200 EUR', 'payment_plans': False}",2014,"{'monday_friday': '09:30-17:30', 'saturday': None, 'sunday': None}",LAW006,French | English | German,Sophie Lefevre,EU patent law expertise,+32 2 648 1234,1050,"{'name': 'BOIP Belgium', 'relationship': 'Professional network'}",Brussels,Brussels | EU,"{'rating': 4.7, 'count': 28, 'source': 'Professional Directory'}",IP Professional Network,Intellectual Property | Patents | Trademark Law,1,individual,4 weeks,
"{'wheelchair': False, 'virtual_consultation': False, 'phone_consultation': True}",Dinant Bar Association,Rue Royale 156,limited_availability,Debt recovery | Commercial collections | Creditor rights,,sylvie.daumerie@avocats.be,"{'consultation': 110, 'initial_contact': 'Gratuit', 'payment_plans': False}",2009,"{'monday_friday': '08:30-16:30', 'saturday': None, 'sunday': None}",LAW026,French,Sylvie Daumerie,Specializes in debt recovery,+32 82 613 5678,5500,"{'name': 'Dinant Chamber of Commerce', 'relationship': 'Member'}",Wallonia,Wallonia,"{'rating': 4.1, 'count': 22, 'source': 'Professional Directory'}",Commercial Registry,Debt Collection | Recovery Law | Commercial Disputes,1,individual,3 weeks,
"{'wheelchair': True, 'virtual_consultation': False, 'phone_consultation': True}",Brussels Bar Association,Rue Schoubbroeck 34,limited_availability,Construction disputes | Contractor agreements | Building defects,,thibault@avocats.be,"{'consultation': 155, 'initial_contact': '155 EUR', 'payment_plans': False}",2012,"{'monday_friday': '09:30-17:30', 'saturday': None, 'sunday': None}",LAW022,French | English,Thibault Chevallier,Construction sector specialist,+32 2 736 5678,1040,"{'name': 'Building Contractors Association', 'relationship': 'Member'}",Brussels,Brussels,"{'rating': 4.4, 'count': 26, 'source': 'Professional Directory'}",Construction Industry Network,Construction Law | Building Disputes | Contractor Rights,1,individual,3 weeks,
"{'wheelchair': True, 'virtual_consultation': True, 'phone_consultation': True}",Tournai Bar Association,Rue Saint-Martin 45,accepting_clients,Accident claims | Civil litigation | Personal injury,,civil@tournailaw.be,"{'consultation': 130, 'initial_contact': 'Gratuit', 'payment_plans': True}",2010,"{'monday_friday': '09:00-17:30', 'saturday': None, 'sunday': None}",LAW025,French | English,Tournai Civil Law Specialists,Accident and injury law specialists,+32 69 210 3456,7500,"{'name': 'Tournai Hospital', 'relationship': 'Referral'}",Wallonia,Wallonia,"{'rating': 4.3, 'count': 37, 'source': 'Google'}",Hospital Referral Network,Civil Litigation | Personal Injury | Negligence Claims,6,firm,2 weeks,https://www.tournailaw.be
wheelchair_accessible,Belgian LGBT+ association,Rue de Flandre 70,500,health_services | counseling | community_programs,Bruxelles,support@tshc.be,free/sliding_scale,2011,"10:00-18:00 Mon-Fri, 10:00-14:00 Sat",trans_001,nl | fr | en,Transgender Support and Health Centre,LGBTQ+ migrant support,+32 (0)2 219 66 66,1000,support@tshc.be,Bruxelles,Bruxelles,,ngo,transgender_health | mental_health | community_support,32,ngo,,https://www.tshc.be
Fully accessible,Brussels Housing Authority,369 Chaussée de Charleroi,45,Transitional Housing | Support Services | Independent Living Skills,Bruxelles,housing@transitional-brussels.be,Free,2010-11-20,24/7,SHEL_BXL_001,FR | NL | AR | EN | SO,Transitional Housing Programme - Brussels,Step-down housing with integrated support services,+32 2 555 1200,1060,Housing Coordinator Sylvie Baudet | Support Worker Jean-Luc Mercier,Bruxelles,Bruxelles,,Brussels Housing Programme,Transitional & Supported Housing,8 Housing staff | 3 Support workers | 2 Case managers,Shelter/Housing Centre,,https://transitional-brussels.be
"Fully accessible, Quiet rooms available","European Trauma Association, Belgian Psychology Board",789 Boulevard Adolphe Max,30,PTSD Treatment | Trauma Counseling | Pain Management,Bruxelles,trauma@psychomed-brussels.be,Free,2012-09-10,Mon-Fri 08:30-17:00,MED_BXL_003,FR | AR | EN | DA | KU,Trauma & Psychosomatic Medicine Centre,Specializes in trauma from conflict and migration,+32 2 555 0300,1000,Dr. Isabelle Renaud | Psychologist Jean Martin,Bruxelles,Bruxelles | Flandre,,Brussels Mental Health Network,Trauma Treatment & Psychosomatic Care,4 Trauma specialists | 6 Psychologists | 2 Nurses | 1 Art therapist,Medical Center,,https://psychomed-brussels.be
Accessible,European Trauma Association,741 Graffiti Street,25,Trauma Therapy | Counseling | Crisis Intervention,Gent,trauma@supportgent.be,Free,2014-01-20,Mon-Fri 10:00-18:00,PSY_GENT_002,NL | FR | AR | EN,Trauma Support & Counseling - Gent,Specialized trauma support for refugees and asylum seekers,+32 9 555 0200,9000,Therapist Erik Descamps | Counselor Lisa De Clercq,Flandre,Flandre,,Gent Social Services,Trauma Counseling & Mental Health Support,3 Trauma therapists | 2 Counselors,Psychological Centre,,https://supportgent.be
wheelchair_accessible,United Nations,Rue de Trèves 61,2000,protection_assessment | resettlement | advocacy,Bruxelles,belbru@unhcr.org,free,1950,09:00-17:00 Mon-Fri,unhcr_001,en | fr | nl,UNHCR Belgium - UN Refugee Agency,UN refugee protection agency,+32 (0)2 738 91 11,1040,belbru@unhcr.org,Bruxelles,Bruxelles | Flandre | Wallonie,,international,refugee_protection | humanitarian_aid | durable_solutions,110,international_org,,https://www.unhcr.org/belgium
wheelchair_accessible,Flemish employment authority,Meir 48,1200,job_search_support | training_programs | employer_liaison,Antwerp,info@vdab-antwerpen.be,free,1989,08:00-17:00 Mon-Fri,employ_ant_001,nl | en | fr | ar,VDAB - Antwerp Employment Centre,Flemish employment agency,+32 (0)3 202 22 00,2000,info@vdab-antwerpen.be,Flandre,Flandre,,official,job_placement | vocational_training | skills_assessment,68,employment_center,,https://www.vdab.be
wheelchair_accessible,Flemish NGO sector,Fortstraat 45,450,buddy_programs | language_classes | social_activities,Gent,contact@vluchtelingenwerk-gent.be,free,2000,10:00-17:00 Mon-Fri,gent_001,nl | fr | en | ar,Vluchtelingenwerk Gent,Community-based refugee support Gent,+32 (0)9 269 13 56,9000,contact@vluchtelingenwerk-gent.be,Flandre,Flandre,,ngo,refugee_support | integration | community_building,32,ngo,,https://www.vluchtelingenwerk-gent.be
"{'wheelchair': True, 'virtual_consultation': True, 'phone_consultation': True}",Mons Bar Association,Rue Neuve 123,accepting_clients,Student disputes | Educational compliance | Accreditation,,veronique.leroy@avocats.be,"{'consultation': 105, 'initial_contact': 'Gratuit', 'payment_plans': True}",2010,"{'monday_friday': '10:00-17:00', 'saturday': None, 'sunday': None}",LAW034,French,Véronique Leroy,Educational sector specialist,+32 65 345 8901,7000,"{'name': 'Education Ministry Wallonia', 'relationship': 'Professional'}",Wallonia,Wallonia,"{'rating': 4.4, 'count': 31, 'source': 'Avocats.be'}",Education Ministry,Educational Law | Student Rights | Accreditation,1,individual,2 weeks,
Accessible,Belgian Education Ministry,258 Rue Léopold,60,French Training | Cultural Orientation | Job Preparation,Liège,language@wallonie-french.be,Free,2011-02-15,Mon-Sat 09:00-18:00,LANG_WAL_001,FR | AR | EN | RO | TI,Wallonie French & Integration Centre,Intensive French and integration programs for migrants,+32 4 555 0300,4000,Director Pierre Collin | Instructor Hana Bennani,Wallonie,Wallonie,,Wallonie Education Registry,French Language & Cultural Integration,8 Instructors | 2 Cultural mediators,Language Centre,,https://wallonie-french.be
"{'wheelchair': True, 'virtual_consultation': True, 'phone_consultation': True}",Namur Bar Association | Notarial Certification,Rue Léopold 12,accepting_clients,Wills | Property | General advice,,contact@walloonlegal.be,"{'consultation': 100, 'initial_contact': 'Gratuit', 'payment_plans': True}",2006,"{'monday_friday': '09:00-17:00', 'saturday': None, 'sunday': None}",LAW007,French | English,Walloon Legal Group,Integrated law and notarial practice,+32 81 245 6789,5000,"{'name': 'Walloon Notaries Council', 'relationship': 'Member'}",Wallonia,Wallonia,"{'rating': 4.4, 'count': 45, 'source': 'Google'}",Walloon Bar Association,General Practice | Notarial Services | Estate Planning,8,firm,2 weeks,https://www.walloonlegal.be
wheelchair_accessible,Belgian gender equality authority,Rue de Flandre 50,700,counseling | shelter | legal_support | skills_training,Bruxelles,contact@wmsn.be,free,2005,"09:00-17:00 Mon-Fri, 10:00-14:00 Sat",women_001,fr | nl | en | ar | am | so,Women Migrants Support Network,Gender-specific migrant support,+32 (0)2 217 90 90,1000,contact@wmsn.be,Bruxelles,Bruxelles,,ngo,women_support | gender_issues | domestic_violence_support,48,ngo,,https://www.wmsn.be
Accessible,Belgian Health Ministry,258 Meir,40,Health Screening | Sexual Health | Vaccinations,Antwerp,youth@healthclinic-antwerp.be,Free,2012-05-20,Mon-Fri 09:00-18:00,MED_ANT_002,NL | FR | AR | EN,Youth Health Clinic Antwerp,Youth-friendly services with emphasis on sexual health,+32 3 555 0200,2000,Dr. Maria Van den Berg | Nurse Filip Segers,Flandre,Flandre,,Antwerp Youth Services,Youth Health Services,5 Doctors | 8 Nurses | 1 Sexual health educator,Medical Center,,https://healthclinic-antwerp.be
